ts,LogName,ProviderName,Id,LevelDisplayName,Message
2026-09-14 02:00:01,System,Microsoft-Windows-IIS-IISReset,3201,Information,IIS stop command received from user ANDINA\svc_mantenimiento. The logged data is the status code.
2026-09-14 02:00:15,System,Microsoft-Windows-IIS-IISReset,3202,Information,IIS start command received from user ANDINA\svc_mantenimiento. The logged data is the status code.
2026-09-14 02:00:41,Microsoft-Windows-TaskScheduler/Operational,Microsoft-Windows-TaskScheduler,201,Information,"Task Scheduler successfully completed task ""\Mantenimiento\MantenimientoDiarioIIS"" , instance ""{...}"" , action ""C:\Windows\SYSTEM32\cmd.exe"" with return code 0."
2026-09-15 02:00:01,System,Microsoft-Windows-IIS-IISReset,3201,Information,IIS stop command received from user ANDINA\svc_mantenimiento. The logged data is the status code.
2026-09-15 02:00:15,System,Microsoft-Windows-IIS-IISReset,3202,Information,IIS start command received from user ANDINA\svc_mantenimiento. The logged data is the status code.
2026-09-15 02:00:41,Microsoft-Windows-TaskScheduler/Operational,Microsoft-Windows-TaskScheduler,201,Information,"Task Scheduler successfully completed task ""\Mantenimiento\MantenimientoDiarioIIS"" , instance ""{...}"" , action ""C:\Windows\SYSTEM32\cmd.exe"" with return code 0."
2026-09-15 22:03:00,Application,AndinaDeploy,1000,Information,"Despliegue completado: PortalPagos v2.3.1 (antes v2.3.0). Usuario: ANDINA\svc_deploy. Cambios: nuevo flujo de confirmacion de pagos, cache de sesiones de pago, appsettings Serilog:MinimumLevel=Debug."
2026-09-16 02:00:01,System,Microsoft-Windows-IIS-IISReset,3201,Information,IIS stop command received from user ANDINA\svc_mantenimiento. The logged data is the status code.
2026-09-16 02:00:15,System,Microsoft-Windows-IIS-IISReset,3202,Information,IIS start command received from user ANDINA\svc_mantenimiento. The logged data is the status code.
2026-09-16 02:00:41,Microsoft-Windows-TaskScheduler/Operational,Microsoft-Windows-TaskScheduler,201,Information,"Task Scheduler successfully completed task ""\Mantenimiento\MantenimientoDiarioIIS"" , instance ""{...}"" , action ""C:\Windows\SYSTEM32\cmd.exe"" with return code 0."
2026-09-16 11:30:02,Application,AndinaDeploy,1001,Information,Cambio de infraestructura: se retira la unidad D: del servidor (migracion de almacenamiento). Logs IIS ahora en C:\inetpub\logs\LogFiles.
2026-09-17 02:00:01,System,Microsoft-Windows-IIS-IISReset,3201,Information,IIS stop command received from user ANDINA\svc_mantenimiento. The logged data is the status code.
2026-09-17 02:00:15,System,Microsoft-Windows-IIS-IISReset,3202,Information,IIS start command received from user ANDINA\svc_mantenimiento. The logged data is the status code.
2026-09-17 02:00:41,Microsoft-Windows-TaskScheduler/Operational,Microsoft-Windows-TaskScheduler,201,Information,"Task Scheduler successfully completed task ""\Mantenimiento\MantenimientoDiarioIIS"" , instance ""{...}"" , action ""C:\Windows\SYSTEM32\cmd.exe"" with return code 0."
2026-09-18 02:00:01,System,Microsoft-Windows-IIS-IISReset,3201,Information,IIS stop command received from user ANDINA\svc_mantenimiento. The logged data is the status code.
2026-09-18 02:00:15,System,Microsoft-Windows-IIS-IISReset,3202,Information,IIS start command received from user ANDINA\svc_mantenimiento. The logged data is the status code.
2026-09-18 02:00:41,Microsoft-Windows-TaskScheduler/Operational,Microsoft-Windows-TaskScheduler,201,Information,"Task Scheduler successfully completed task ""\Mantenimiento\MantenimientoDiarioIIS"" , instance ""{...}"" , action ""C:\Windows\SYSTEM32\cmd.exe"" with return code 0."
2026-09-18 13:24:19,Application,ASP.NET 4.0.30319.0,1309,Warning,Event code: 3005 Event message: An unhandled exception has occurred. Exception type: OutOfMemoryException Exception message: Exception of type 'System.OutOfMemoryException' was thrown. Request path: /api/pagos/confirmar Stack: at Andina.Pagos.SesionPagoCache.Agregar(SesionPago s)
2026-09-18 13:29:27,Application,ASP.NET 4.0.30319.0,1309,Warning,Event code: 3005 Event message: An unhandled exception has occurred. Exception type: OutOfMemoryException Exception message: Exception of type 'System.OutOfMemoryException' was thrown. Request path: /api/pagos/confirmar Stack: at Andina.Pagos.SesionPagoCache.Agregar(SesionPago s)
2026-09-18 13:31:34,Application,ASP.NET 4.0.30319.0,1309,Warning,Event code: 3005 Event message: An unhandled exception has occurred. Exception type: OutOfMemoryException Exception message: Exception of type 'System.OutOfMemoryException' was thrown. Request path: /api/pagos/confirmar Stack: at Andina.Pagos.SesionPagoCache.Agregar(SesionPago s)
2026-09-18 13:32:08,Application,ASP.NET 4.0.30319.0,1309,Warning,Event code: 3005 Event message: An unhandled exception has occurred. Exception type: OutOfMemoryException Exception message: Exception of type 'System.OutOfMemoryException' was thrown. Request path: /api/pagos/confirmar Stack: at Andina.Pagos.SesionPagoCache.Agregar(SesionPago s)
2026-09-18 13:32:46,Application,ASP.NET 4.0.30319.0,1309,Warning,Event code: 3005 Event message: An unhandled exception has occurred. Exception type: OutOfMemoryException Exception message: Exception of type 'System.OutOfMemoryException' was thrown. Request path: /api/pagos/confirmar Stack: at Andina.Pagos.SesionPagoCache.Agregar(SesionPago s)
2026-09-18 13:33:39,Application,ASP.NET 4.0.30319.0,1309,Warning,Event code: 3005 Event message: An unhandled exception has occurred. Exception type: OutOfMemoryException Exception message: Exception of type 'System.OutOfMemoryException' was thrown. Request path: /api/pagos/confirmar Stack: at Andina.Pagos.SesionPagoCache.Agregar(SesionPago s)
2026-09-18 13:33:53,Application,ASP.NET 4.0.30319.0,1309,Warning,Event code: 3005 Event message: An unhandled exception has occurred. Exception type: OutOfMemoryException Exception message: Exception of type 'System.OutOfMemoryException' was thrown. Request path: /api/pagos/confirmar Stack: at Andina.Pagos.SesionPagoCache.Agregar(SesionPago s)
2026-09-18 13:34:22,Application,ASP.NET 4.0.30319.0,1309,Warning,Event code: 3005 Event message: An unhandled exception has occurred. Exception type: OutOfMemoryException Exception message: Exception of type 'System.OutOfMemoryException' was thrown. Request path: /api/pagos/confirmar Stack: at Andina.Pagos.SesionPagoCache.Agregar(SesionPago s)
2026-09-18 13:34:49,Application,ASP.NET 4.0.30319.0,1309,Warning,Event code: 3005 Event message: An unhandled exception has occurred. Exception type: OutOfMemoryException Exception message: Exception of type 'System.OutOfMemoryException' was thrown. Request path: /api/pagos/confirmar Stack: at Andina.Pagos.SesionPagoCache.Agregar(SesionPago s)
2026-09-18 13:34:58,Application,ASP.NET 4.0.30319.0,1309,Warning,Event code: 3005 Event message: An unhandled exception has occurred. Exception type: OutOfMemoryException Exception message: Exception of type 'System.OutOfMemoryException' was thrown. Request path: /api/pagos/confirmar Stack: at Andina.Pagos.SesionPagoCache.Agregar(SesionPago s)
2026-09-18 13:35:37,Application,ASP.NET 4.0.30319.0,1309,Warning,Event code: 3005 Event message: An unhandled exception has occurred. Exception type: OutOfMemoryException Exception message: Exception of type 'System.OutOfMemoryException' was thrown. Request path: /api/pagos/confirmar Stack: at Andina.Pagos.SesionPagoCache.Agregar(SesionPago s)
2026-09-18 13:38:11,Application,ASP.NET 4.0.30319.0,1309,Warning,Event code: 3005 Event message: An unhandled exception has occurred. Exception type: OutOfMemoryException Exception message: Exception of type 'System.OutOfMemoryException' was thrown. Request path: /api/pagos/confirmar Stack: at Andina.Pagos.SesionPagoCache.Agregar(SesionPago s)
2026-09-18 13:38:33,Application,ASP.NET 4.0.30319.0,1309,Warning,Event code: 3005 Event message: An unhandled exception has occurred. Exception type: OutOfMemoryException Exception message: Exception of type 'System.OutOfMemoryException' was thrown. Request path: /api/pagos/confirmar Stack: at Andina.Pagos.SesionPagoCache.Agregar(SesionPago s)
2026-09-18 13:39:26,Application,ASP.NET 4.0.30319.0,1309,Warning,Event code: 3005 Event message: An unhandled exception has occurred. Exception type: OutOfMemoryException Exception message: Exception of type 'System.OutOfMemoryException' was thrown. Request path: /api/pagos/confirmar Stack: at Andina.Pagos.SesionPagoCache.Agregar(SesionPago s)
2026-09-18 13:40:41,Application,ASP.NET 4.0.30319.0,1309,Warning,Event code: 3005 Event message: An unhandled exception has occurred. Exception type: OutOfMemoryException Exception message: Exception of type 'System.OutOfMemoryException' was thrown. Request path: /api/pagos/confirmar Stack: at Andina.Pagos.SesionPagoCache.Agregar(SesionPago s)
2026-09-18 13:40:59,Application,ASP.NET 4.0.30319.0,1309,Warning,Event code: 3005 Event message: An unhandled exception has occurred. Exception type: OutOfMemoryException Exception message: Exception of type 'System.OutOfMemoryException' was thrown. Request path: /api/pagos/confirmar Stack: at Andina.Pagos.SesionPagoCache.Agregar(SesionPago s)
2026-09-18 13:42:21,Application,ASP.NET 4.0.30319.0,1309,Warning,Event code: 3005 Event message: An unhandled exception has occurred. Exception type: OutOfMemoryException Exception message: Exception of type 'System.OutOfMemoryException' was thrown. Request path: /api/pagos/confirmar Stack: at Andina.Pagos.SesionPagoCache.Agregar(SesionPago s)
2026-09-18 13:43:12,Application,ASP.NET 4.0.30319.0,1309,Warning,Event code: 3005 Event message: An unhandled exception has occurred. Exception type: OutOfMemoryException Exception message: Exception of type 'System.OutOfMemoryException' was thrown. Request path: /api/pagos/confirmar Stack: at Andina.Pagos.SesionPagoCache.Agregar(SesionPago s)
2026-09-18 13:44:17,Application,ASP.NET 4.0.30319.0,1309,Warning,Event code: 3005 Event message: An unhandled exception has occurred. Exception type: OutOfMemoryException Exception message: Exception of type 'System.OutOfMemoryException' was thrown. Request path: /api/pagos/confirmar Stack: at Andina.Pagos.SesionPagoCache.Agregar(SesionPago s)
2026-09-18 13:44:59,Application,ASP.NET 4.0.30319.0,1309,Warning,Event code: 3005 Event message: An unhandled exception has occurred. Exception type: OutOfMemoryException Exception message: Exception of type 'System.OutOfMemoryException' was thrown. Request path: /api/pagos/confirmar Stack: at Andina.Pagos.SesionPagoCache.Agregar(SesionPago s)
2026-09-18 13:47:52,Application,ASP.NET 4.0.30319.0,1309,Warning,Event code: 3005 Event message: An unhandled exception has occurred. Exception type: OutOfMemoryException Exception message: Exception of type 'System.OutOfMemoryException' was thrown. Request path: /api/pagos/confirmar Stack: at Andina.Pagos.SesionPagoCache.Agregar(SesionPago s)
2026-09-18 13:49:25,Application,ASP.NET 4.0.30319.0,1309,Warning,Event code: 3005 Event message: An unhandled exception has occurred. Exception type: OutOfMemoryException Exception message: Exception of type 'System.OutOfMemoryException' was thrown. Request path: /api/pagos/confirmar Stack: at Andina.Pagos.SesionPagoCache.Agregar(SesionPago s)
2026-09-18 13:51:58,Application,ASP.NET 4.0.30319.0,1309,Warning,Event code: 3005 Event message: An unhandled exception has occurred. Exception type: OutOfMemoryException Exception message: Exception of type 'System.OutOfMemoryException' was thrown. Request path: /api/pagos/confirmar Stack: at Andina.Pagos.SesionPagoCache.Agregar(SesionPago s)
2026-09-18 13:53:31,Application,ASP.NET 4.0.30319.0,1309,Warning,Event code: 3005 Event message: An unhandled exception has occurred. Exception type: OutOfMemoryException Exception message: Exception of type 'System.OutOfMemoryException' was thrown. Request path: /api/pagos/confirmar Stack: at Andina.Pagos.SesionPagoCache.Agregar(SesionPago s)
2026-09-18 13:54:45,Application,ASP.NET 4.0.30319.0,1309,Warning,Event code: 3005 Event message: An unhandled exception has occurred. Exception type: OutOfMemoryException Exception message: Exception of type 'System.OutOfMemoryException' was thrown. Request path: /api/pagos/confirmar Stack: at Andina.Pagos.SesionPagoCache.Agregar(SesionPago s)
2026-09-18 14:00:38,Application,ASP.NET 4.0.30319.0,1309,Warning,Event code: 3005 Event message: An unhandled exception has occurred. Exception type: OutOfMemoryException Exception message: Exception of type 'System.OutOfMemoryException' was thrown. Request path: /api/pagos/confirmar Stack: at Andina.Pagos.SesionPagoCache.Agregar(SesionPago s)
2026-09-18 14:00:47,Application,ASP.NET 4.0.30319.0,1309,Warning,Event code: 3005 Event message: An unhandled exception has occurred. Exception type: OutOfMemoryException Exception message: Exception of type 'System.OutOfMemoryException' was thrown. Request path: /api/pagos/confirmar Stack: at Andina.Pagos.SesionPagoCache.Agregar(SesionPago s)
2026-09-18 14:01:04,Application,ASP.NET 4.0.30319.0,1309,Warning,Event code: 3005 Event message: An unhandled exception has occurred. Exception type: OutOfMemoryException Exception message: Exception of type 'System.OutOfMemoryException' was thrown. Request path: /api/pagos/confirmar Stack: at Andina.Pagos.SesionPagoCache.Agregar(SesionPago s)
2026-09-18 14:02:45,Application,ASP.NET 4.0.30319.0,1309,Warning,Event code: 3005 Event message: An unhandled exception has occurred. Exception type: OutOfMemoryException Exception message: Exception of type 'System.OutOfMemoryException' was thrown. Request path: /api/pagos/confirmar Stack: at Andina.Pagos.SesionPagoCache.Agregar(SesionPago s)
2026-09-18 14:03:01,Application,ASP.NET 4.0.30319.0,1309,Warning,Event code: 3005 Event message: An unhandled exception has occurred. Exception type: OutOfMemoryException Exception message: Exception of type 'System.OutOfMemoryException' was thrown. Request path: /api/pagos/confirmar Stack: at Andina.Pagos.SesionPagoCache.Agregar(SesionPago s)
2026-09-18 14:04:14,Application,ASP.NET 4.0.30319.0,1309,Warning,Event code: 3005 Event message: An unhandled exception has occurred. Exception type: OutOfMemoryException Exception message: Exception of type 'System.OutOfMemoryException' was thrown. Request path: /api/pagos/confirmar Stack: at Andina.Pagos.SesionPagoCache.Agregar(SesionPago s)
2026-09-18 14:05:39,Application,ASP.NET 4.0.30319.0,1309,Warning,Event code: 3005 Event message: An unhandled exception has occurred. Exception type: OutOfMemoryException Exception message: Exception of type 'System.OutOfMemoryException' was thrown. Request path: /api/pagos/confirmar Stack: at Andina.Pagos.SesionPagoCache.Agregar(SesionPago s)
2026-09-18 14:11:20,Application,ASP.NET 4.0.30319.0,1309,Warning,Event code: 3005 Event message: An unhandled exception has occurred. Exception type: OutOfMemoryException Exception message: Exception of type 'System.OutOfMemoryException' was thrown. Request path: /api/pagos/confirmar Stack: at Andina.Pagos.SesionPagoCache.Agregar(SesionPago s)
2026-09-18 14:12:04,Application,ASP.NET 4.0.30319.0,1309,Warning,Event code: 3005 Event message: An unhandled exception has occurred. Exception type: OutOfMemoryException Exception message: Exception of type 'System.OutOfMemoryException' was thrown. Request path: /api/pagos/confirmar Stack: at Andina.Pagos.SesionPagoCache.Agregar(SesionPago s)
2026-09-18 14:12:53,Application,ASP.NET 4.0.30319.0,1309,Warning,Event code: 3005 Event message: An unhandled exception has occurred. Exception type: OutOfMemoryException Exception message: Exception of type 'System.OutOfMemoryException' was thrown. Request path: /api/pagos/confirmar Stack: at Andina.Pagos.SesionPagoCache.Agregar(SesionPago s)
2026-09-18 14:15:47,Application,ASP.NET 4.0.30319.0,1309,Warning,Event code: 3005 Event message: An unhandled exception has occurred. Exception type: OutOfMemoryException Exception message: Exception of type 'System.OutOfMemoryException' was thrown. Request path: /api/pagos/confirmar Stack: at Andina.Pagos.SesionPagoCache.Agregar(SesionPago s)
2026-09-18 14:16:08,Application,ASP.NET 4.0.30319.0,1309,Warning,Event code: 3005 Event message: An unhandled exception has occurred. Exception type: OutOfMemoryException Exception message: Exception of type 'System.OutOfMemoryException' was thrown. Request path: /api/pagos/confirmar Stack: at Andina.Pagos.SesionPagoCache.Agregar(SesionPago s)
2026-09-18 14:17:51,Application,ASP.NET 4.0.30319.0,1309,Warning,Event code: 3005 Event message: An unhandled exception has occurred. Exception type: OutOfMemoryException Exception message: Exception of type 'System.OutOfMemoryException' was thrown. Request path: /api/pagos/confirmar Stack: at Andina.Pagos.SesionPagoCache.Agregar(SesionPago s)
2026-09-18 14:20:55,Application,ASP.NET 4.0.30319.0,1309,Warning,Event code: 3005 Event message: An unhandled exception has occurred. Exception type: OutOfMemoryException Exception message: Exception of type 'System.OutOfMemoryException' was thrown. Request path: /api/pagos/confirmar Stack: at Andina.Pagos.SesionPagoCache.Agregar(SesionPago s)
2026-09-18 14:21:54,Application,ASP.NET 4.0.30319.0,1309,Warning,Event code: 3005 Event message: An unhandled exception has occurred. Exception type: OutOfMemoryException Exception message: Exception of type 'System.OutOfMemoryException' was thrown. Request path: /api/pagos/confirmar Stack: at Andina.Pagos.SesionPagoCache.Agregar(SesionPago s)
2026-09-18 14:22:12,Application,.NET Runtime,1026,Error,Application: w3wp.exe Framework Version: v4.0.30319 Description: The process was terminated due to an unhandled exception. Exception Info: System.OutOfMemoryException at Andina.Pagos.SesionPagoCache.Agregar(Andina.Pagos.SesionPago)
2026-09-18 14:22:13,Application,Application Error,1000,Error,"Faulting application name: w3wp.exe, version: 10.0.20348.1, Faulting module name: KERNELBASE.dll, Exception code: 0xe0434352, Faulting process id: 0x1177"
2026-09-18 14:22:18,Application,Windows Error Reporting,1001,Information,"Fault bucket , type 0 Event Name: APPCRASH Attached files: C:\CrashDumps\w3wp.exe.4471.dmp"
2026-09-18 14:22:19,System,Microsoft-Windows-WAS,5011,Warning,A process serving application pool 'PortalPagosPool' suffered a fatal communication error with the Windows Process Activation Service. The process id was '4471'. The data field contains the error number.
2026-09-18 14:34:40,Application,.NET Runtime,1026,Error,Application: w3wp.exe Framework Version: v4.0.30319 Description: The process was terminated due to an unhandled exception. Exception Info: System.OutOfMemoryException at Andina.Pagos.SesionPagoCache.Agregar(Andina.Pagos.SesionPago)
2026-09-18 14:34:41,Application,Application Error,1000,Error,"Faulting application name: w3wp.exe, version: 10.0.20348.1, Faulting module name: KERNELBASE.dll, Exception code: 0xe0434352, Faulting process id: 0x1cc4"
2026-09-18 14:34:46,Application,Windows Error Reporting,1001,Information,"Fault bucket , type 0 Event Name: APPCRASH Attached files: C:\CrashDumps\w3wp.exe.7364.dmp"
2026-09-18 14:34:47,System,Microsoft-Windows-WAS,5011,Warning,A process serving application pool 'PortalPagosPool' suffered a fatal communication error with the Windows Process Activation Service. The process id was '7364'. The data field contains the error number.
2026-09-18 14:35:55,Application,.NET Runtime,1026,Error,Application: w3wp.exe Framework Version: v4.0.30319 Description: The process was terminated due to an unhandled exception. Exception Info: System.OutOfMemoryException at Andina.Pagos.SesionPagoCache.Agregar(Andina.Pagos.SesionPago)
2026-09-18 14:35:56,Application,Application Error,1000,Error,"Faulting application name: w3wp.exe, version: 10.0.20348.1, Faulting module name: KERNELBASE.dll, Exception code: 0xe0434352, Faulting process id: 0x1be2"
2026-09-18 14:36:01,Application,Windows Error Reporting,1001,Information,"Fault bucket , type 0 Event Name: APPCRASH Attached files: C:\CrashDumps\w3wp.exe.7138.dmp"
2026-09-18 14:36:02,System,Microsoft-Windows-WAS,5011,Warning,A process serving application pool 'PortalPagosPool' suffered a fatal communication error with the Windows Process Activation Service. The process id was '7138'. The data field contains the error number.
2026-09-18 14:36:58,Application,.NET Runtime,1026,Error,Application: w3wp.exe Framework Version: v4.0.30319 Description: The process was terminated due to an unhandled exception. Exception Info: System.OutOfMemoryException at Andina.Pagos.SesionPagoCache.Agregar(Andina.Pagos.SesionPago)
2026-09-18 14:36:59,Application,Application Error,1000,Error,"Faulting application name: w3wp.exe, version: 10.0.20348.1, Faulting module name: KERNELBASE.dll, Exception code: 0xe0434352, Faulting process id: 0x1647"
2026-09-18 14:37:04,Application,Windows Error Reporting,1001,Information,"Fault bucket , type 0 Event Name: APPCRASH Attached files: C:\CrashDumps\w3wp.exe.5703.dmp"
2026-09-18 14:37:05,System,Microsoft-Windows-WAS,5011,Warning,A process serving application pool 'PortalPagosPool' suffered a fatal communication error with the Windows Process Activation Service. The process id was '5703'. The data field contains the error number.
2026-09-18 14:38:03,Application,.NET Runtime,1026,Error,Application: w3wp.exe Framework Version: v4.0.30319 Description: The process was terminated due to an unhandled exception. Exception Info: System.OutOfMemoryException at Andina.Pagos.SesionPagoCache.Agregar(Andina.Pagos.SesionPago)
2026-09-18 14:38:04,Application,Application Error,1000,Error,"Faulting application name: w3wp.exe, version: 10.0.20348.1, Faulting module name: KERNELBASE.dll, Exception code: 0xe0434352, Faulting process id: 0xdcd"
2026-09-18 14:38:05,System,Microsoft-Windows-WAS,5002,Error,Application pool 'PortalPagosPool' is being automatically disabled due to a series of failures in the process(es) serving that application pool.
2026-09-18 14:38:09,Application,Windows Error Reporting,1001,Information,"Fault bucket , type 0 Event Name: APPCRASH Attached files: C:\CrashDumps\w3wp.exe.3533.dmp"
2026-09-18 14:38:10,System,Microsoft-Windows-WAS,5011,Warning,A process serving application pool 'PortalPagosPool' suffered a fatal communication error with the Windows Process Activation Service. The process id was '3533'. The data field contains the error number.
2026-09-18 16:37:17,System,srv,2013,Warning,The C: disk is at or near capacity. You may need to delete some files.
2026-09-19 02:00:01,System,Microsoft-Windows-IIS-IISReset,3201,Information,IIS stop command received from user ANDINA\svc_mantenimiento. The logged data is the status code.
2026-09-19 02:00:15,System,Microsoft-Windows-IIS-IISReset,3202,Information,IIS start command received from user ANDINA\svc_mantenimiento. The logged data is the status code.
2026-09-19 02:00:41,Microsoft-Windows-TaskScheduler/Operational,Microsoft-Windows-TaskScheduler,201,Information,"Task Scheduler successfully completed task ""\Mantenimiento\MantenimientoDiarioIIS"" , instance ""{...}"" , action ""C:\Windows\SYSTEM32\cmd.exe"" with return code 0."
2026-09-20 02:00:01,System,Microsoft-Windows-IIS-IISReset,3201,Information,IIS stop command received from user ANDINA\svc_mantenimiento. The logged data is the status code.
2026-09-20 02:00:15,System,Microsoft-Windows-IIS-IISReset,3202,Information,IIS start command received from user ANDINA\svc_mantenimiento. The logged data is the status code.
2026-09-20 02:00:41,Microsoft-Windows-TaskScheduler/Operational,Microsoft-Windows-TaskScheduler,201,Information,"Task Scheduler successfully completed task ""\Mantenimiento\MantenimientoDiarioIIS"" , instance ""{...}"" , action ""C:\Windows\SYSTEM32\cmd.exe"" with return code 0."
