ts,peticiones,errores_5xx,p95_ms,503_httpsys
2026-09-18 10:00:00,654,1,613.0,0
2026-09-18 10:10:00,658,1,485.0,0
2026-09-18 10:20:00,703,1,537.0,0
2026-09-18 10:30:00,697,2,584.0,0
2026-09-18 10:40:00,665,1,523.0,0
2026-09-18 10:50:00,675,1,592.0,0
2026-09-18 11:00:00,707,0,558.0,0
2026-09-18 11:10:00,635,0,638.0,0
2026-09-18 11:20:00,599,1,762.0,0
2026-09-18 11:30:00,603,0,1139.0,0
2026-09-18 11:40:00,569,0,1109.0,0
2026-09-18 11:50:00,503,0,1370.0,0
2026-09-18 12:00:00,483,1,1768.0,0
2026-09-18 12:10:00,413,1,1656.0,0
2026-09-18 12:20:00,433,0,2310.0,0
2026-09-18 12:30:00,403,0,2269.0,0
2026-09-18 12:40:00,355,0,3202.0,0
2026-09-18 12:50:00,346,0,2425.0,0
2026-09-18 13:00:00,337,0,2639.0,0
2026-09-18 13:10:00,341,0,3176.0,0
2026-09-18 13:20:00,351,40,23441.0,0
2026-09-18 13:30:00,364,60,24625.0,0
2026-09-18 13:40:00,343,60,25745.0,0
2026-09-18 13:50:00,372,56,22888.0,0
2026-09-18 14:00:00,409,67,23556.0,0
2026-09-18 14:10:00,426,78,25435.0,0
2026-09-18 14:20:00,519,62,22871.0,0
2026-09-18 14:30:00,376,40,21552.0,105
2026-09-18 14:40:00,0,0,,621
2026-09-18 14:50:00,0,0,,568
2026-09-18 15:00:00,310,3,566.0,247
2026-09-18 15:10:00,621,1,498.0,0
2026-09-18 15:20:00,589,1,526.0,0
2026-09-18 15:30:00,606,0,543.0,0
2026-09-18 15:40:00,607,1,605.0,0
2026-09-18 15:50:00,567,1,460.0,0
2026-09-18 16:00:00,578,1,539.0,0
2026-09-18 16:10:00,499,0,532.0,0
2026-09-18 16:20:00,490,0,612.0,0
